product_id,sku_code,product_name,category_id,category_name,standard_reorder_level
PRD-ELEC-AC,SKU-ELEC-AC-001,AC,CAT-ELEC,Electronics,100
PRD-ELEC-CAM,SKU-ELEC-CAM-002,Camera,CAT-ELEC,Electronics,102
PRD-ELEC-FAN,SKU-ELEC-FAN-003,Fan,CAT-ELEC,Electronics,99
PRD-ELEC-LAP,SKU-ELEC-LAP-004,Laptop,CAT-ELEC,Electronics,99
PRD-ELEC-MIX,SKU-ELEC-MIX-005,Mixer,CAT-ELEC,Electronics,98
PRD-ELEC-PHN,SKU-ELEC-PHN-006,Phone,CAT-ELEC,Electronics,99
PRD-ELEC-SHOE,SKU-ELEC-SHOE-007,Shoes,CAT-ELEC,Electronics,99
PRD-ELEC-TV,SKU-ELEC-TV-008,TV,CAT-ELEC,Electronics,98
PRD-ELEC-TAB,SKU-ELEC-TAB-009,Tablet,CAT-ELEC,Electronics,99
PRD-ELEC-WAT,SKU-ELEC-WAT-010,Watch,CAT-ELEC,Electronics,99
PRD-FASH-AC,SKU-FASH-AC-011,AC,CAT-FASH,Fashion,102
PRD-FASH-CAM,SKU-FASH-CAM-012,Camera,CAT-FASH,Fashion,97
PRD-FASH-FAN,SKU-FASH-FAN-013,Fan,CAT-FASH,Fashion,99
PRD-FASH-LAP,SKU-FASH-LAP-014,Laptop,CAT-FASH,Fashion,100
PRD-FASH-MIX,SKU-FASH-MIX-015,Mixer,CAT-FASH,Fashion,98
PRD-FASH-PHN,SKU-FASH-PHN-016,Phone,CAT-FASH,Fashion,102
PRD-FASH-SHOE,SKU-FASH-SHOE-017,Shoes,CAT-FASH,Fashion,98
PRD-FASH-TV,SKU-FASH-TV-018,TV,CAT-FASH,Fashion,101
PRD-FASH-TAB,SKU-FASH-TAB-019,Tablet,CAT-FASH,Fashion,100
PRD-FASH-WAT,SKU-FASH-WAT-020,Watch,CAT-FASH,Fashion,99
PRD-APPL-AC,SKU-APPL-AC-021,AC,CAT-APPL,Home Appliances,102
PRD-APPL-CAM,SKU-APPL-CAM-022,Camera,CAT-APPL,Home Appliances,100
PRD-APPL-FAN,SKU-APPL-FAN-023,Fan,CAT-APPL,Home Appliances,103
PRD-APPL-LAP,SKU-APPL-LAP-024,Laptop,CAT-APPL,Home Appliances,99
PRD-APPL-MIX,SKU-APPL-MIX-025,Mixer,CAT-APPL,Home Appliances,100
PRD-APPL-PHN,SKU-APPL-PHN-026,Phone,CAT-APPL,Home Appliances,101
PRD-APPL-SHOE,SKU-APPL-SHOE-027,Shoes,CAT-APPL,Home Appliances,102
PRD-APPL-TV,SKU-APPL-TV-028,TV,CAT-APPL,Home Appliances,98
PRD-APPL-TAB,SKU-APPL-TAB-029,Tablet,CAT-APPL,Home Appliances,100
PRD-APPL-WAT,SKU-APPL-WAT-030,Watch,CAT-APPL,Home Appliances,102
PRD-SPRT-AC,SKU-SPRT-AC-031,AC,CAT-SPRT,Sports,103
PRD-SPRT-CAM,SKU-SPRT-CAM-032,Camera,CAT-SPRT,Sports,99
PRD-SPRT-FAN,SKU-SPRT-FAN-033,Fan,CAT-SPRT,Sports,99
PRD-SPRT-LAP,SKU-SPRT-LAP-034,Laptop,CAT-SPRT,Sports,99
PRD-SPRT-MIX,SKU-SPRT-MIX-035,Mixer,CAT-SPRT,Sports,100
PRD-SPRT-PHN,SKU-SPRT-PHN-036,Phone,CAT-SPRT,Sports,101
PRD-SPRT-SHOE,SKU-SPRT-SHOE-037,Shoes,CAT-SPRT,Sports,99
PRD-SPRT-TV,SKU-SPRT-TV-038,TV,CAT-SPRT,Sports,100
PRD-SPRT-TAB,SKU-SPRT-TAB-039,Tablet,CAT-SPRT,Sports,102
PRD-SPRT-WAT,SKU-SPRT-WAT-040,Watch,CAT-SPRT,Sports,98
